Employee Name,Review
Scarlett,So happy with the hybrid work policy! <u>underlined</u>
Chloe,<div>division content</div> The new intern is doing great work.
Logan,<code>sample code</code> The new intern is doing great work.
Nina,Great onboarding process! <code>sample code</code> ğŸ˜¤
Emily,Can someone check the broken AC in meeting room? <b>bold text</b> ğŸ˜
Ava,Loving the <b>bold text</b> â€“ makes everything cleaner! ğŸ”¥
Amelia,Loving the <code>sample code</code> â€“ makes everything cleaner! ğŸ“š
Harper,WiFi is unstable in some zones <i>italic text</i>
Daniel,Friday sessions are a great learning opportunity. <b>bold text</b>
Mason,Too many overlapping tasks <u>underlined</u>
James,Why is the snack bar always empty? <code>sample code</code> ğŸ˜¤
Liam,We need more documentation for the APIs. <div>division content</div> ğŸ˜µâ€ğŸ’«
Nina,Found a mistake on our <div>division content</div>. ğŸ•
Zoe,Why is the snack bar always empty? <p>paragraph text</p> ğŸ˜¤
Nina,Why is the snack bar always empty? <code>sample code</code> ğŸ˜
Zoe,Loving the <p>paragraph text</p> â€“ makes everything cleaner! ğŸ‘
Ella,Loving the <div>division content</div> â€“ makes everything cleaner! ğŸ¥¶
Chloe,Found a mistake on our <code>sample code</code>. ğŸ˜Š
Ella,WiFi is unstable in some zones <b>bold text</b>
Matthew,Can someone check the broken AC in meeting room? <b>bold text</b> ğŸ› ï¸
Logan,Can someone check the broken AC in meeting room? <code>sample code</code> ğŸ˜µâ€ğŸ’«
Mason,We need more documentation for the APIs. <div>division content</div> ğŸ“š
Ethan,Feedback loop is working better now. <b>bold text</b>
Nina,Calendar sync issues are causing confusion. <p>paragraph text</p>
Ethan,Too many overlapping tasks <p>paragraph text</p>
Jackson,Collaboration has really improved this quarter. <b>bold text</b>
Ava,The team party was amazing! <b>bold text</b> ğŸ˜¤
Mason,<p>paragraph text</p> needs to be updated soon.
Isabella,Can someone check the broken AC in meeting room? <code>sample code</code> ğŸ‘
Jackson,Can someone check the broken AC in meeting room? <i>italic text</i> ğŸ•
Jackson,Check out our team bonding event! <p>paragraph text</p> ğŸˆ
Matthew,<b>bold text</b> The new intern is doing great work.
Emily,Check out our team bonding event! <i>italic text</i> ğŸ˜©
Mia,Feedback loop is working better now. <i>italic text</i>
Noah,Loving the <div>division content</div> â€“ makes everything cleaner! ğŸ•
Ella,Loving the <b>bold text</b> â€“ makes everything cleaner! ğŸ˜µâ€ğŸ’«
Jackson,Too many overlapping tasks <p>paragraph text</p>
Mia,Letâ€™s have more team lunches! <b>bold text</b> ğŸ•
Ava,Letâ€™s have more team lunches! <code>sample code</code> ğŸ‘
Zoe,<i>italic text</i> needs to be updated soon.
Logan,Loving the <p>paragraph text</p> â€“ makes everything cleaner! ğŸˆ
Aiden,Check out our team bonding event! <code>sample code</code> ğŸ˜µâ€ğŸ’«
Isabella,We need more documentation for the APIs. <div>division content</div> ğŸˆ
Grace,Check out our team bonding event! <p>paragraph text</p> ğŸ˜
Grace,The team party was amazing! <i>italic text</i> ğŸ˜Š
Jayden,Found a mistake on our <u>underlined</u>. ğŸ‘
Sophia,So happy with the hybrid work policy! <u>underlined</u>
Mia,Found a mistake on our <code>sample code</code>. ğŸ˜¤
Daniel,We need more documentation for the APIs. <div>division content</div> ğŸ™„
Scarlett,Calendar sync issues are causing confusion. <b>bold text</b>
Emily,Too many overlapping tasks <u>underlined</u>
Harper,Why is the snack bar always empty? <code>sample code</code> ğŸ› ï¸
Sophia,Collaboration has really improved this quarter. <p>paragraph text</p>
Chloe,The new tech stack is <b>bold text</b> but tricky to learn.
Zoe,The team party was amazing! <p>paragraph text</p> ğŸ•
Emily,Friday sessions are a great learning opportunity. <code>sample code</code>
Jackson,The team party was amazing! <i>italic text</i> ğŸ™„
Emily,Loving the <b>bold text</b> â€“ makes everything cleaner! ğŸ˜µâ€ğŸ’«
Lucas,The lights on the 2nd floor flicker constantly. <i>italic text</i>
Lucas,Letâ€™s have more team lunches! <div>division content</div> ğŸ•
Jacob,Collaboration has really improved this quarter. <code>sample code</code>
Amelia,<u>underlined</u> needs to be updated soon.
Liam,The new tech stack is <p>paragraph text</p> but tricky to learn.
Liam,Feedback loop is working better now. <b>bold text</b>
Isabella,Friday sessions are a great learning opportunity. <u>underlined</u>
Emily,Feedback loop is working better now. <div>division content</div>
Isabella,We need more documentation for the APIs. <p>paragraph text</p> ğŸ˜©
James,Too many overlapping tasks <div>division content</div>
Lily,The new tech stack is <u>underlined</u> but tricky to learn.
Nina,We need more documentation for the APIs. <b>bold text</b> ğŸ™„
Matthew,Loving the <code>sample code</code> â€“ makes everything cleaner! ğŸ˜©
Jackson,Found a mistake on our <b>bold text</b>. ğŸˆ
Elijah,WiFi is unstable in some zones <div>division content</div>
Mason,Check out our team bonding event! <i>italic text</i> ğŸ“š
Lily,Collaboration has really improved this quarter. <i>italic text</i>
Matthew,Too many overlapping tasks <i>italic text</i>
Ella,<u>underlined</u> The new intern is doing great work.
Emily,Check out our team bonding event! <div>division content</div> ğŸ˜Š
Chloe,We need more documentation for the APIs. <p>paragraph text</p> ğŸ™„
Grace,Great onboarding process! <b>bold text</b> ğŸ˜¤
Emily,Found a mistake on our <code>sample code</code>. ğŸ‰
Ethan,Can someone check the broken AC in meeting room? <b>bold text</b> ğŸ˜¤
Jacob,Feedback loop is working better now. <i>italic text</i>
Chloe,The lights on the 2nd floor flicker constantly. <div>division content</div>
Logan,The new tech stack is <i>italic text</i> but tricky to learn.
Daniel,Collaboration has really improved this quarter. <i>italic text</i>
Jackson,Great onboarding process! <u>underlined</u> ğŸ‘
Amelia,Found a mistake on our <u>underlined</u>. ğŸ™„
Elijah,Why is the snack bar always empty? <i>italic text</i> ğŸ‘
Mason,WiFi is unstable in some zones <i>italic text</i>
Daniel,Calendar sync issues are causing confusion. <code>sample code</code>
Sophia,Great onboarding process! <b>bold text</b> ğŸ¥¶
Liam,Can someone check the broken AC in meeting room? <code>sample code</code> ğŸ“š
Sebastian,We need more documentation for the APIs. <div>division content</div> ğŸ”¥
Logan,Great onboarding process! <b>bold text</b> ğŸ”¥
Matthew,Loving the <code>sample code</code> â€“ makes everything cleaner! ğŸ˜¤
Jayden,Too many overlapping tasks <p>paragraph text</p>
Matthew,Friday sessions are a great learning opportunity. <u>underlined</u>
Lucas,Check out our team bonding event! <i>italic text</i> ğŸ”¥
Jayden,Loving the <code>sample code</code> â€“ makes everything cleaner! ğŸ“š
Jacob,Friday sessions are a great learning opportunity. <u>underlined</u>
Scarlett,The lights on the 2nd floor flicker constantly. <u>underlined</u>
Jayden,<b>bold text</b> The new intern is doing great work.
Lily,Calendar sync issues are causing confusion. <div>division content</div>
Daniel,WiFi is unstable in some zones <u>underlined</u>
Jacob,So happy with the hybrid work policy! <div>division content</div>
Aiden,The team party was amazing! <u>underlined</u> ğŸ™„
Mason,Calendar sync issues are causing confusion. <b>bold text</b>
Liam,Loving the <u>underlined</u> â€“ makes everything cleaner! ğŸˆ
Mason,Feedback loop is working better now. <div>division content</div>
Grace,Friday sessions are a great learning opportunity. <b>bold text</b>
Sophia,Feedback loop is working better now. <i>italic text</i>
Lily,WiFi is unstable in some zones <i>italic text</i>
Scarlett,We need more documentation for the APIs. <p>paragraph text</p> ğŸ˜
Sophia,We need more documentation for the APIs. <code>sample code</code> ğŸ› ï¸
Elijah,Can someone check the broken AC in meeting room? <b>bold text</b> ğŸ˜©
Nina,The new tech stack is <p>paragraph text</p> but tricky to learn.
Emily,Check out our team bonding event! <div>division content</div> ğŸ‘
James,Can someone check the broken AC in meeting room? <div>division content</div> ğŸ˜©
Emily,The lights on the 2nd floor flicker constantly. <code>sample code</code>
Noah,We need more documentation for the APIs. <div>division content</div> ğŸ˜
Isabella,Why is the snack bar always empty? <p>paragraph text</p> ğŸˆ
Amelia,The lights on the 2nd floor flicker constantly. <code>sample code</code>
Daniel,Check out our team bonding event! <div>division content</div> ğŸ¥¶
Logan,The new tech stack is <div>division content</div> but tricky to learn.
James,Check out our team bonding event! <i>italic text</i> ğŸˆ
Logan,Can someone check the broken AC in meeting room? <u>underlined</u> ğŸ˜©
Sebastian,Check out our team bonding event! <u>underlined</u> ğŸ‘
Chloe,<div>division content</div> The new intern is doing great work.
Jacob,Collaboration has really improved this quarter. <b>bold text</b>
Isabella,Why is the snack bar always empty? <div>division content</div> ğŸ˜Š
Jackson,The team party was amazing! <b>bold text</b> ğŸ‰
Emily,Collaboration has really improved this quarter. <div>division content</div>
Ethan,The lights on the 2nd floor flicker constantly. <i>italic text</i>
Logan,Collaboration has really improved this quarter. <u>underlined</u>
Lily,Letâ€™s have more team lunches! <b>bold text</b> ğŸ˜¤
Daniel,Check out our team bonding event! <div>division content</div> ğŸ™„
Daniel,Too many overlapping tasks <i>italic text</i>
Sophia,Too many overlapping tasks <div>division content</div>
Isabella,Why is the snack bar always empty? <i>italic text</i> ğŸ› ï¸
Elijah,Can someone check the broken AC in meeting room? <b>bold text</b> ğŸ˜Š
Chloe,Why is the snack bar always empty? <p>paragraph text</p> ğŸ”¥
Mia,Why is the snack bar always empty? <div>division content</div> ğŸ˜¤
Liam,Check out our team bonding event! <div>division content</div> ğŸ¥¶
Ethan,Check out our team bonding event! <i>italic text</i> ğŸ™„
Sebastian,Letâ€™s have more team lunches! <code>sample code</code> ğŸ‘
Noah,We need more documentation for the APIs. <b>bold text</b> ğŸ•
Aiden,Too many overlapping tasks <code>sample code</code>
Mason,Loving the <i>italic text</i> â€“ makes everything cleaner! ğŸ¥¶
Aria,<code>sample code</code> The new intern is doing great work.
Scarlett,Loving the <u>underlined</u> â€“ makes everything cleaner! ğŸ˜
Noah,Letâ€™s have more team lunches! <b>bold text</b> ğŸ› ï¸
Harper,The new tech stack is <p>paragraph text</p> but tricky to learn.
Sebastian,Loving the <i>italic text</i> â€“ makes everything cleaner! ğŸ“š
Ella,Found a mistake on our <u>underlined</u>. ğŸ˜Š
Jackson,Collaboration has really improved this quarter. <b>bold text</b>
Matthew,So happy with the hybrid work policy! <p>paragraph text</p>
Aiden,Friday sessions are a great learning opportunity. <b>bold text</b>
Elijah,Friday sessions are a great learning opportunity. <i>italic text</i>
Lucas,<code>sample code</code> needs to be updated soon.
Jacob,Can someone check the broken AC in meeting room? <u>underlined</u> ğŸ•
Jayden,Why is the snack bar always empty? <i>italic text</i> ğŸ™„
Liam,<i>italic text</i> The new intern is doing great work.
Lily,Collaboration has really improved this quarter. <i>italic text</i>
Ava,Check out our team bonding event! <u>underlined</u> ğŸ‘
Jacob,Why is the snack bar always empty? <p>paragraph text</p> ğŸ˜µâ€ğŸ’«
Sophia,Collaboration has really improved this quarter. <u>underlined</u>
Jacob,WiFi is unstable in some zones <code>sample code</code>
Aiden,Can someone check the broken AC in meeting room? <div>division content</div> ğŸ“š
Ava,Great onboarding process! <i>italic text</i> ğŸ˜µâ€ğŸ’«
Mia,<i>italic text</i> The new intern is doing great work.
Mason,Loving the <u>underlined</u> â€“ makes everything cleaner! ğŸ˜©
Aria,<b>bold text</b> needs to be updated soon.
Matthew,Why is the snack bar always empty? <b>bold text</b> ğŸ˜µâ€ğŸ’«
Aria,Feedback loop is working better now. <b>bold text</b>
Elijah,The team party was amazing! <b>bold text</b> ğŸ‘
Ethan,<p>paragraph text</p> The new intern is doing great work.
Nina,Friday sessions are a great learning opportunity. <i>italic text</i>
James,The lights on the 2nd floor flicker constantly. <i>italic text</i>
Chloe,We need more documentation for the APIs. <b>bold text</b> ğŸ‘
Daniel,So happy with the hybrid work policy! <i>italic text</i>
James,So happy with the hybrid work policy! <p>paragraph text</p>
Harper,WiFi is unstable in some zones <div>division content</div>
Jackson,WiFi is unstable in some zones <code>sample code</code>
Jayden,The new tech stack is <code>sample code</code> but tricky to learn.
Matthew,Too many overlapping tasks <code>sample code</code>
Isabella,<u>underlined</u> needs to be updated soon.
Sophia,Loving the <p>paragraph text</p> â€“ makes everything cleaner! ğŸ˜¤
Harper,<code>sample code</code> The new intern is doing great work.
Elijah,<i>italic text</i> The new intern is doing great work.
Scarlett,<i>italic text</i> needs to be updated soon.
Daniel,Friday sessions are a great learning opportunity. <u>underlined</u>
Isabella,Calendar sync issues are causing confusion. <div>division content</div>
Lucas,Why is the snack bar always empty? <u>underlined</u> ğŸ˜¤
Matthew,WiFi is unstable in some zones <b>bold text</b>
Ethan,Found a mistake on our <p>paragraph text</p>. ğŸ› ï¸
Daniel,We need more documentation for the APIs. <code>sample code</code> ğŸ¥¶
Amelia,Feedback loop is working better now. <p>paragraph text</p>
Sebastian,The new tech stack is <p>paragraph text</p> but tricky to learn.
Aiden,Found a mistake on our <u>underlined</u>. ğŸˆ
